x, y
0.4836448598130841, 2.390928725701944
0.5327102803738317, 2.352051835853132
0.4789719626168224, 0.9524838012958963
0.5198598130841121, 0.9460043196544277
0.5607476635514018, 0.48596112311015116
0.6939252336448598, 0.3952483801295896
0.755841121495327, 0.28509719222462204
0.786214953271028, 0.1490280777537797
0.9135514018691588, 0.23974082073434125
0.9322429906542056, 0.3045356371490281
0.8095794392523364, 0.4924406047516199
0.7897196261682242, 0.6868250539956804
0.808411214953271, 0.7904967602591793
0.7757009345794392, 0.7710583153347732
0.808411214953271, 1.1209503239740821
0.6764018691588785, 0.9460043196544277
0.27686915887850466, 0.8228941684665226
0.35630841121495327, 0.6997840172786177
0.4637850467289719, 0.9978401727861771